                  epoch,         train/box_loss,         train/cls_loss,         train/dfl_loss,   metrics/precision(B),      metrics/recall(B),       metrics/mAP50(B),    metrics/mAP50-95(B),           val/box_loss,           val/cls_loss,           val/dfl_loss,                 lr/pg0,                 lr/pg1,                 lr/pg2
                      1,                 1.8924,                 3.3221,                  1.491,                      1,                0.34128,                0.49405,                0.37533,                 1.0514,                  2.895,                0.96194,             0.00023338,             0.00023338,             0.00023338
                      2,                0.89745,                 1.0596,                  0.906,                      1,                0.09014,                 0.4195,                0.34068,                0.74537,                 2.9135,                0.87025,             0.00048183,             0.00048183,             0.00048183
                      3,                  0.803,                 0.8907,                0.91881,                      1,                0.29123,                0.62782,                0.50971,                 0.8252,                 2.4803,                0.91166,             0.00072864,             0.00072864,             0.00072864
                      4,                0.81631,                0.78095,                0.91234,                      1,                0.45072,                0.82524,                0.66471,                0.76584,                 2.2157,                0.90232,             0.00097379,             0.00097379,             0.00097379
                      5,                0.78682,                0.71143,                0.89191,                      1,                0.47497,                  0.995,                0.77215,                0.77445,                 1.8159,                0.89693,              0.0012173,              0.0012173,              0.0012173
                      6,                 0.7552,                0.68323,                0.89412,                0.99565,                0.74651,                0.99498,                0.80788,                0.66956,                 1.4737,                0.87927,              0.0014592,              0.0014592,              0.0014592
                      7,                0.76743,                0.65078,                0.89283,                0.98946,                      1,                  0.995,                0.79196,                0.65825,                0.86382,                 0.8653,               0.001634,               0.001634,               0.001634
                      8,                0.73272,                0.62559,                0.88237,                0.99469,                      1,                  0.995,                0.79424,                0.68079,                0.72312,                 0.8825,              0.0016285,              0.0016285,              0.0016285
                      9,                0.71209,                0.59897,                0.87481,                 0.9976,                      1,                  0.995,                0.81399,                0.61547,                0.60018,                 0.8534,               0.001623,               0.001623,               0.001623
                     10,                0.74044,                0.61705,                0.88569,                0.99785,                0.99889,                  0.995,                0.81022,                0.64247,                0.51435,                0.86113,              0.0016175,              0.0016175,              0.0016175
                     11,                0.70368,                0.60642,                0.89917,                0.99898,                      1,                  0.995,                0.80946,                 0.6222,                0.43692,                0.85702,               0.001612,               0.001612,               0.001612
                     12,                0.70822,                0.58214,                0.89015,                0.99962,                      1,                  0.995,                0.81017,                0.66078,                 0.4828,                0.87545,              0.0016065,              0.0016065,              0.0016065
                     13,                0.70927,                0.54089,                0.88678,                0.99956,                      1,                  0.995,                0.80884,                0.64779,                0.44232,                0.87858,               0.001601,               0.001601,               0.001601
                     14,                 0.7018,                0.54456,                0.89135,                0.99925,                      1,                  0.995,                0.81004,                0.63764,                0.50287,                0.87251,              0.0015955,              0.0015955,              0.0015955
                     15,                  0.703,                0.55009,                0.89681,                0.99926,                      1,                  0.995,                0.81309,                0.61253,                0.43049,                0.86634,                0.00159,                0.00159,                0.00159
                     16,                0.70756,                0.55248,                0.89691,                0.99928,                      1,                  0.995,                0.82609,                 0.5994,                0.42391,                 0.8562,              0.0015845,              0.0015845,              0.0015845
                     17,                0.67198,                0.49934,                0.87959,                0.99893,                      1,                  0.995,                0.81584,                0.60539,                0.41101,                0.84763,               0.001579,               0.001579,               0.001579
                     18,                0.67384,                0.51249,                0.88536,                0.99921,                      1,                  0.995,                0.83755,                0.57451,                0.43526,                0.84745,              0.0015735,              0.0015735,              0.0015735
                     19,                0.67131,                0.49577,                0.88913,                0.99875,                      1,                  0.995,                  0.828,                0.58687,                 0.3951,                0.84695,               0.001568,               0.001568,               0.001568
                     20,                 0.6433,                0.49041,                0.87732,                0.99925,                      1,                  0.995,                0.82908,                0.57249,                0.37641,                0.84462,              0.0015625,              0.0015625,              0.0015625
                     21,                 0.6406,                0.47367,                0.86811,                0.99884,                      1,                  0.995,                0.82463,                0.59375,                0.38672,                0.84456,               0.001557,               0.001557,               0.001557
                     22,                0.64823,                0.46607,                0.86899,                0.99926,                      1,                  0.995,                0.82091,                0.58889,                0.35701,                0.84925,              0.0015515,              0.0015515,              0.0015515
                     23,                0.63098,                0.45155,                 0.8752,                0.99972,                      1,                  0.995,                0.83427,                0.54912,                0.36537,                0.83702,               0.001546,               0.001546,               0.001546
                     24,                0.62637,                0.44414,                0.87766,                0.99919,                      1,                  0.995,                0.83163,                0.57805,                0.36341,                0.84579,              0.0015405,              0.0015405,              0.0015405
                     25,                0.63681,                0.44449,                0.86972,                 0.9997,                      1,                  0.995,                0.82964,                0.58213,                0.34949,                 0.8446,               0.001535,               0.001535,               0.001535
                     26,                0.61879,                0.42834,                0.86268,                0.99944,                      1,                  0.995,                0.82738,                0.60386,                0.35712,                0.85505,              0.0015295,              0.0015295,              0.0015295
                     27,                0.64883,                0.45321,                0.87381,                0.99969,                      1,                  0.995,                0.83048,                0.57378,                0.38284,                0.84429,               0.001524,               0.001524,               0.001524
                     28,                0.64859,                0.44715,                0.86096,                0.99921,                      1,                  0.995,                0.84019,                0.54701,                0.33715,                0.83638,              0.0015185,              0.0015185,              0.0015185
                     29,                0.63076,                0.44119,                0.87656,                0.99961,                      1,                  0.995,                0.83746,                0.56372,                0.33881,                0.84389,               0.001513,               0.001513,               0.001513
                     30,                0.60793,                 0.4215,                0.86505,                0.99869,                      1,                  0.995,                0.83443,                0.57719,                0.35925,                 0.8435,              0.0015075,              0.0015075,              0.0015075
                     31,                0.61798,                0.40367,                0.85581,                0.99912,                      1,                  0.995,                0.84616,                0.54793,                0.33505,                0.83585,               0.001502,               0.001502,               0.001502
                     32,                0.60172,                0.41321,                0.86451,                0.99907,                      1,                  0.995,                0.84897,                0.56308,                0.33702,                0.83551,              0.0014965,              0.0014965,              0.0014965
                     33,                0.59697,                 0.3931,                0.86799,                 0.9991,                      1,                  0.995,                0.85054,                0.53727,                0.31577,                0.83268,               0.001491,               0.001491,               0.001491
                     34,                0.62928,                0.41381,                0.87157,                 0.9995,                      1,                  0.995,                0.84703,                0.57164,                0.33523,                0.84282,              0.0014855,              0.0014855,              0.0014855
                     35,                0.61878,                 0.3945,                0.86629,                0.99925,                      1,                  0.995,                0.85446,                 0.5633,                0.35914,                0.84706,                0.00148,                0.00148,                0.00148
                     36,                0.63251,                0.40311,                0.86872,                0.99944,                      1,                  0.995,                0.84162,                0.56032,                0.31904,                0.85139,              0.0014745,              0.0014745,              0.0014745
                     37,                0.62549,                0.39671,                0.86916,                0.99926,                      1,                  0.995,                0.83786,                0.58911,                0.33526,                 0.8533,               0.001469,               0.001469,               0.001469
                     38,                0.64086,                0.42039,                0.86279,                0.99933,                      1,                  0.995,                0.83997,                0.58093,                0.32165,                 0.8446,              0.0014635,              0.0014635,              0.0014635
                     39,                 0.6268,                0.40813,                0.86404,                0.99933,                      1,                  0.995,                0.83844,                0.55321,                0.33198,                0.83928,               0.001458,               0.001458,               0.001458
                     40,                 0.6004,                0.38897,                0.86622,                0.99947,                      1,                  0.995,                0.86049,                0.53604,                0.30652,                0.83454,              0.0014525,              0.0014525,              0.0014525
                     41,                0.59048,                 0.3772,                0.85867,                0.99954,                      1,                  0.995,                0.85891,                0.52499,                0.31338,                0.82959,               0.001447,               0.001447,               0.001447
                     42,                0.58703,                0.37609,                0.85748,                0.99949,                      1,                  0.995,                0.85665,                0.53271,                0.30588,                0.83274,              0.0014415,              0.0014415,              0.0014415
                     43,                0.57022,                0.36452,                0.84804,                0.99907,                      1,                  0.995,                0.85346,                0.55569,                0.32831,                0.84218,               0.001436,               0.001436,               0.001436
                     44,                0.58805,                0.36695,                0.84603,                0.99933,                      1,                  0.995,                0.84938,                 0.5664,                0.31994,                0.84117,              0.0014305,              0.0014305,              0.0014305
                     45,                0.58265,                 0.3627,                 0.8547,                0.99931,                      1,                  0.995,                0.85893,                0.54148,                0.30538,                0.83594,               0.001425,               0.001425,               0.001425
                     46,                0.61969,                0.37546,                0.87385,                0.99929,                      1,                  0.995,                0.84416,                0.59003,                0.31795,                0.84518,              0.0014195,              0.0014195,              0.0014195
                     47,                0.61848,                0.37172,                0.86135,                0.99936,                      1,                  0.995,                0.84772,                0.53517,                0.31976,                0.83204,              0.0014139,              0.0014139,              0.0014139
                     48,                0.59485,                 0.3751,                0.86079,                0.99918,                      1,                  0.995,                0.85139,                0.55412,                0.31959,                0.84012,              0.0014084,              0.0014084,              0.0014084
                     49,                 0.5928,                0.36686,                 0.8631,                 0.9993,                      1,                  0.995,                0.85191,                0.56712,                0.31276,                0.83986,              0.0014029,              0.0014029,              0.0014029
                     50,                0.60229,                0.37888,                0.86879,                0.99941,                      1,                  0.995,                0.85211,                0.52933,                0.30263,                0.83333,              0.0013974,              0.0013974,              0.0013974
                     51,                 0.6013,                0.37221,                0.85847,                0.99936,                      1,                  0.995,                 0.8525,                0.53737,                0.29564,                 0.8345,              0.0013919,              0.0013919,              0.0013919
                     52,                 0.5904,                0.36646,                0.85847,                0.99947,                      1,                  0.995,                0.85714,                0.56039,                0.30723,                 0.8354,              0.0013864,              0.0013864,              0.0013864
                     53,                 0.5924,                0.37523,                0.85166,                0.99932,                      1,                  0.995,                0.85593,                0.52546,                0.30103,                0.83321,              0.0013809,              0.0013809,              0.0013809
                     54,                 0.5842,                0.36914,                0.85188,                0.99927,                      1,                  0.995,                0.85961,                 0.5103,                0.28107,                0.82997,              0.0013754,              0.0013754,              0.0013754
                     55,                0.57147,                0.35887,                0.85322,                0.99917,                      1,                  0.995,                0.85077,                0.55822,                0.31357,                0.83497,              0.0013699,              0.0013699,              0.0013699
                     56,                0.58863,                 0.3648,                0.86863,                0.99958,                      1,                  0.995,                0.84706,                0.53875,                0.31206,                0.83823,              0.0013644,              0.0013644,              0.0013644
                     57,                0.56892,                0.36258,                0.85419,                 0.9993,                      1,                  0.995,                0.85489,                0.53694,                0.29828,                0.83146,              0.0013589,              0.0013589,              0.0013589
                     58,                0.55682,                0.34575,                0.84887,                0.99953,                      1,                  0.995,                0.85743,                0.55034,                0.29318,                0.84152,              0.0013534,              0.0013534,              0.0013534
                     59,                0.57867,                0.35566,                0.86564,                0.99938,                      1,                  0.995,                0.86059,                0.53121,                0.29228,                0.83465,              0.0013479,              0.0013479,              0.0013479
                     60,                 0.5758,                0.35363,                0.84957,                0.99954,                      1,                  0.995,                 0.8493,                0.54934,                0.29836,                0.83561,              0.0013424,              0.0013424,              0.0013424
                     61,                0.56373,                0.34867,                0.84802,                0.99942,                      1,                  0.995,                 0.8447,                0.56624,                0.30648,                0.84407,              0.0013369,              0.0013369,              0.0013369
                     62,                 0.5903,                0.36172,                0.85905,                0.99946,                      1,                  0.995,                0.84308,                 0.5562,                0.29565,                0.84515,              0.0013314,              0.0013314,              0.0013314
                     63,                0.60116,                0.36025,                0.86163,                0.99949,                      1,                  0.995,                0.84844,                0.54583,                0.29761,                0.84027,              0.0013259,              0.0013259,              0.0013259
                     64,                0.58681,                0.35213,                0.86684,                0.99933,                      1,                  0.995,                0.85878,                0.54153,                 0.2943,                0.83999,              0.0013204,              0.0013204,              0.0013204
                     65,                0.57822,                0.35352,                0.86796,                0.99955,                      1,                  0.995,                0.84585,                0.54773,                 0.3019,                0.84338,              0.0013149,              0.0013149,              0.0013149
                     66,                  0.583,                0.36506,                 0.8522,                0.99947,                      1,                  0.995,                0.84799,                0.54399,                0.30333,                0.83323,              0.0013094,              0.0013094,              0.0013094
                     67,                0.57302,                0.34631,                0.85201,                0.99943,                      1,                  0.995,                0.85056,                0.56584,                0.29529,                0.84113,              0.0013039,              0.0013039,              0.0013039
                     68,                0.57139,                0.34404,                0.85367,                0.99954,                      1,                  0.995,                 0.8622,                0.52905,                0.29865,                0.83548,              0.0012984,              0.0012984,              0.0012984
                     69,                0.58924,                0.36262,                0.85395,                0.99929,                      1,                  0.995,                0.85409,                0.55967,                0.29609,                0.83807,              0.0012929,              0.0012929,              0.0012929
                     70,                 0.5396,                0.32425,                0.85136,                0.99945,                      1,                  0.995,                0.86454,                0.52855,                0.27598,                0.82938,              0.0012874,              0.0012874,              0.0012874
                     71,                0.57933,                0.33882,                0.86247,                0.99955,                      1,                  0.995,                0.86224,                0.53773,                0.29061,                0.83679,              0.0012819,              0.0012819,              0.0012819
                     72,                0.57065,                0.34474,                0.85574,                0.99959,                      1,                  0.995,                0.86777,                0.51767,                 0.2834,                0.82993,              0.0012764,              0.0012764,              0.0012764
                     73,                0.57355,                0.35547,                0.86044,                0.99946,                      1,                  0.995,                0.86066,                0.51919,                 0.2929,                0.83042,              0.0012709,              0.0012709,              0.0012709
                     74,                0.57649,                0.33816,                0.85598,                0.99962,                      1,                  0.995,                0.86514,                0.52661,                 0.2842,                0.83495,              0.0012654,              0.0012654,              0.0012654
                     75,                0.57695,                0.33992,                0.85477,                0.99941,                      1,                  0.995,                0.86031,                0.53266,                0.28199,                0.83806,              0.0012599,              0.0012599,              0.0012599
                     76,                0.55419,                0.33671,                0.84309,                0.99947,                      1,                  0.995,                0.85221,                0.55261,                0.28486,                0.83794,              0.0012544,              0.0012544,              0.0012544
                     77,                0.55449,                0.32942,                0.84619,                0.99923,                      1,                  0.995,                 0.8551,                0.55618,                0.28698,                0.83873,              0.0012489,              0.0012489,              0.0012489
                     78,                 0.5577,                 0.3293,                0.84802,                0.99964,                      1,                  0.995,                0.85768,                0.52316,                0.27938,                0.83022,              0.0012434,              0.0012434,              0.0012434
                     79,                0.56378,                0.33715,                0.85418,                0.99954,                      1,                  0.995,                 0.8601,                0.53559,                 0.2888,                0.83074,              0.0012379,              0.0012379,              0.0012379
                     80,                0.56705,                0.32882,                 0.8575,                0.99959,                      1,                  0.995,                0.86514,                0.53526,                0.27848,                0.83596,              0.0012324,              0.0012324,              0.0012324
                     81,                0.56082,                 0.3332,                0.86078,                0.99938,                      1,                  0.995,                0.84402,                0.58333,                0.28362,                0.85036,              0.0012269,              0.0012269,              0.0012269
                     82,                0.55276,                0.32309,                0.85809,                0.99948,                      1,                  0.995,                0.85736,                0.50838,                0.28456,                0.82557,              0.0012214,              0.0012214,              0.0012214
                     83,                0.55433,                0.33046,                0.84821,                0.99951,                      1,                  0.995,                0.86172,                0.52524,                0.28353,                0.83285,              0.0012159,              0.0012159,              0.0012159
                     84,                0.54901,                0.32546,                0.84577,                0.99949,                      1,                  0.995,                0.84879,                0.60163,                0.28966,                0.85068,              0.0012104,              0.0012104,              0.0012104
                     85,                0.55437,                0.32294,                0.84777,                0.99952,                      1,                  0.995,                0.86587,                0.50118,                0.28074,                  0.829,              0.0012049,              0.0012049,              0.0012049
                     86,                0.55349,                0.32279,                 0.8438,                0.99945,                      1,                  0.995,                0.86437,                0.51229,                0.27004,                 0.8302,              0.0011994,              0.0011994,              0.0011994
                     87,                0.52577,                0.31239,                0.84164,                 0.9994,                      1,                  0.995,                0.87178,                0.50643,                 0.2651,                 0.8294,              0.0011939,              0.0011939,              0.0011939
                     88,                0.53025,                0.30725,                 0.8492,                0.99934,                      1,                  0.995,                0.86347,                0.53843,                0.28418,                0.83265,              0.0011884,              0.0011884,              0.0011884
                     89,                0.55001,                0.31883,                0.83289,                0.99942,                      1,                  0.995,                0.86374,                0.55225,                0.29216,                0.83874,              0.0011829,              0.0011829,              0.0011829
                     90,                 0.5567,                0.32503,                0.86308,                0.99936,                      1,                  0.995,                0.86945,                0.51998,                0.27491,                0.83244,              0.0011774,              0.0011774,              0.0011774
                     91,                0.55476,                0.32015,                 0.8488,                0.99949,                      1,                  0.995,                 0.8651,                0.52201,                 0.2684,                0.82833,              0.0011719,              0.0011719,              0.0011719
                     92,                0.53871,                0.31352,                0.84555,                0.99942,                      1,                  0.995,                0.86055,                0.51617,                0.27456,                  0.831,              0.0011664,              0.0011664,              0.0011664
                     93,                0.52915,                0.31597,                0.84621,                0.99946,                      1,                  0.995,                0.86311,                0.55732,                0.27168,                0.84121,              0.0011609,              0.0011609,              0.0011609
                     94,                0.55803,                0.32698,                 0.8446,                 0.9995,                      1,                  0.995,                0.86608,                0.53689,                0.27985,                0.83441,              0.0011554,              0.0011554,              0.0011554
                     95,                0.54972,                0.31878,                0.85443,                 0.9995,                      1,                  0.995,                0.86775,                0.54652,                0.28668,                0.83705,              0.0011499,              0.0011499,              0.0011499
                     96,                0.54294,                0.31972,                0.84068,                 0.9994,                      1,                  0.995,                 0.8619,                0.52819,                0.27954,                0.83494,              0.0011444,              0.0011444,              0.0011444
                     97,                0.54536,                0.31239,                0.84509,                0.99943,                      1,                  0.995,                0.86499,                0.52629,                0.27052,                0.83069,              0.0011389,              0.0011389,              0.0011389
                     98,                0.55634,                0.31587,                0.85541,                0.99942,                      1,                  0.995,                 0.8665,                0.50672,                0.26824,                 0.8279,              0.0011334,              0.0011334,              0.0011334
                     99,                0.56039,                0.32877,                0.85711,                0.99939,                      1,                  0.995,                0.85916,                0.52869,                0.27638,                0.83209,              0.0011279,              0.0011279,              0.0011279
                    100,                0.55801,                0.31549,                0.84939,                0.99955,                      1,                  0.995,                0.86024,                 0.5404,                0.28029,                0.83054,              0.0011224,              0.0011224,              0.0011224
                    101,                0.54969,                0.32408,                0.84919,                0.99964,                      1,                  0.995,                0.86111,                0.53809,                0.28266,                0.83524,              0.0011169,              0.0011169,              0.0011169
                    102,                0.54651,                0.32486,                0.85244,                0.99947,                      1,                  0.995,                0.86283,                0.55519,                0.27191,                0.83454,              0.0011114,              0.0011114,              0.0011114
                    103,                0.54451,                0.32225,                0.85535,                0.99928,                      1,                  0.995,                0.87007,                0.51983,                0.26951,                0.83131,              0.0011059,              0.0011059,              0.0011059
                    104,                0.53677,                  0.324,                0.85161,                0.99886,                      1,                  0.995,                0.86797,                0.52043,                0.28234,                 0.8314,              0.0011004,              0.0011004,              0.0011004
                    105,                0.52376,                0.30988,                0.85154,                0.99941,                      1,                  0.995,                0.86759,                 0.5156,                0.27612,                0.82763,              0.0010949,              0.0010949,              0.0010949
                    106,                0.54128,                0.31364,                0.84252,                0.99921,                      1,                  0.995,                0.86704,                0.51738,                0.27171,                 0.8301,              0.0010894,              0.0010894,              0.0010894
                    107,                0.53696,                0.31081,                0.84564,                0.99945,                      1,                  0.995,                0.87209,                0.52661,                0.26105,                0.83647,              0.0010839,              0.0010839,              0.0010839
                    108,                0.52085,                0.31201,                0.84083,                0.99939,                      1,                  0.995,                0.86677,                0.55417,                0.27029,                0.84506,              0.0010784,              0.0010784,              0.0010784
                    109,                0.51327,                0.30552,                0.84345,                0.99945,                      1,                  0.995,                0.88116,                0.51566,                0.25959,                0.83196,              0.0010729,              0.0010729,              0.0010729
                    110,                0.51116,                0.29899,                0.84593,                0.99945,                      1,                  0.995,                0.87482,                0.51699,                0.25289,                0.83257,              0.0010674,              0.0010674,              0.0010674
                    111,                0.52726,                0.30839,                0.84841,                0.99944,                      1,                  0.995,                0.87094,                0.51467,                0.27316,                0.82588,              0.0010619,              0.0010619,              0.0010619
                    112,                0.52957,                0.31243,                0.84714,                0.99943,                      1,                  0.995,                0.87563,                0.54306,                0.27113,                0.83577,              0.0010564,              0.0010564,              0.0010564
                    113,                0.52477,                0.31567,                0.84268,                0.99931,                      1,                  0.995,                0.87522,                0.53184,                0.26826,                0.82853,              0.0010509,              0.0010509,              0.0010509
                    114,                0.52857,                0.31779,                0.84063,                0.99948,                      1,                  0.995,                0.86748,                0.51339,                0.25813,                0.83234,              0.0010454,              0.0010454,              0.0010454
                    115,                0.51602,                0.31347,                0.85281,                0.99953,                      1,                  0.995,                0.86146,                0.55441,                0.26808,                0.84603,              0.0010399,              0.0010399,              0.0010399
                    116,                0.52271,                0.31725,                0.84678,                 0.9994,                      1,                  0.995,                0.86962,                 0.5236,                0.26835,                0.83243,              0.0010344,              0.0010344,              0.0010344
                    117,                0.54011,                0.32465,                 0.8512,                0.99952,                      1,                  0.995,                0.87328,                0.50118,                0.26259,                0.82639,              0.0010289,              0.0010289,              0.0010289
                    118,                0.51511,                0.30004,                0.83965,                0.99939,                      1,                  0.995,                0.87755,                0.49909,                0.26136,                0.82509,              0.0010234,              0.0010234,              0.0010234
                    119,                 0.5327,                0.30188,                 0.8485,                0.99963,                      1,                  0.995,                0.87269,                0.51523,                0.26456,                0.82777,              0.0010179,              0.0010179,              0.0010179
                    120,                0.52706,                0.30851,                0.84589,                0.99931,                      1,                  0.995,                 0.8751,                0.49808,                0.26734,                0.82317,              0.0010124,              0.0010124,              0.0010124
                    121,                0.52529,                 0.3011,                0.83841,                0.99949,                      1,                  0.995,                0.88025,                0.49126,                0.25163,                 0.8232,              0.0010069,              0.0010069,              0.0010069
                    122,                0.52383,                0.31006,                0.84352,                0.99954,                      1,                  0.995,                0.87905,                0.49643,                0.25568,                0.82934,              0.0010014,              0.0010014,              0.0010014
                    123,                0.51927,                0.29866,                0.84561,                 0.9995,                      1,                  0.995,                0.87819,                 0.4886,                 0.2599,                0.82388,             0.00099587,             0.00099587,             0.00099587
                    124,                0.51307,                 0.3072,                0.84156,                0.99959,                      1,                  0.995,                0.87756,                0.49946,                0.25402,                0.82353,             0.00099036,             0.00099036,             0.00099036
                    125,                0.51304,                0.29521,                0.83826,                0.99956,                      1,                  0.995,                0.87464,                0.50422,                 0.2592,                0.82612,             0.00098486,             0.00098486,             0.00098486
                    126,                0.51439,                0.29758,                0.84143,                0.99959,                      1,                  0.995,                0.86336,                0.54576,                 0.2678,                0.84111,             0.00097936,             0.00097936,             0.00097936
                    127,                0.51433,                0.29884,                 0.8394,                0.99937,                      1,                  0.995,                0.87094,                0.53214,                0.25907,                0.83514,             0.00097386,             0.00097386,             0.00097386
                    128,                0.49967,                0.29451,                0.83715,                0.99952,                      1,                  0.995,                0.86423,                0.51426,                0.26286,                0.83236,             0.00096836,             0.00096836,             0.00096836
                    129,                0.51549,                 0.3018,                0.84079,                0.99951,                      1,                  0.995,                0.87019,                0.51087,                0.25184,                0.83222,             0.00096286,             0.00096286,             0.00096286
                    130,                0.52389,                0.30614,                0.84813,                0.99941,                      1,                  0.995,                0.87237,                0.51314,                0.25733,                0.83393,             0.00095736,             0.00095736,             0.00095736
                    131,                0.53322,                0.29807,                0.84006,                 0.9994,                      1,                  0.995,                0.87311,                0.49951,                0.25839,                0.82746,             0.00095186,             0.00095186,             0.00095186
                    132,                0.51507,                0.29943,                0.83679,                0.99939,                      1,                  0.995,                0.87388,                0.50404,                0.25431,                0.83386,             0.00094636,             0.00094636,             0.00094636
                    133,                0.52781,                0.30045,                0.84815,                0.99953,                      1,                  0.995,                0.86749,                0.51011,                0.27511,                0.83092,             0.00094085,             0.00094085,             0.00094085
                    134,                0.50874,                0.29954,                 0.8435,                0.99939,                      1,                  0.995,                0.87483,                0.50868,                0.25456,                 0.8322,             0.00093535,             0.00093535,             0.00093535
                    135,                0.51521,                0.29693,                0.84102,                0.99946,                      1,                  0.995,                0.86894,                0.49782,                0.25663,                0.83032,             0.00092985,             0.00092985,             0.00092985
                    136,                0.51489,                0.29703,                0.84394,                0.99923,                      1,                  0.995,                0.86764,                0.51159,                0.26171,                0.83296,             0.00092435,             0.00092435,             0.00092435
                    137,                0.49367,                 0.2856,                 0.8358,                0.99945,                      1,                  0.995,                0.86159,                0.51303,                0.26658,                0.83261,             0.00091885,             0.00091885,             0.00091885
                    138,                0.50219,                0.29276,                0.83593,                 0.9994,                      1,                  0.995,                0.86164,                0.53532,                0.27085,                0.83416,             0.00091335,             0.00091335,             0.00091335
                    139,                0.52755,                0.30015,                0.84059,                0.99952,                      1,                  0.995,                0.87788,                0.49307,                0.25876,                0.82318,             0.00090785,             0.00090785,             0.00090785
                    140,                0.52526,                0.29403,                0.83738,                0.99953,                      1,                  0.995,                0.86848,                0.51984,                0.25719,                0.83993,             0.00090235,             0.00090235,             0.00090235
                    141,                0.50191,                0.29271,                0.82828,                0.99957,                      1,                  0.995,                0.87769,                0.51311,                0.24729,                0.83189,             0.00089685,             0.00089685,             0.00089685
                    142,                0.51959,                0.29894,                0.84224,                 0.9996,                      1,                  0.995,                0.88495,                0.48371,                0.26056,                0.82062,             0.00089134,             0.00089134,             0.00089134
                    143,                0.51594,                0.30678,                0.84741,                0.99945,                      1,                  0.995,                0.87454,                0.50991,                0.25874,                0.82801,             0.00088584,             0.00088584,             0.00088584
                    144,                 0.5153,                0.30525,                0.84058,                0.99942,                      1,                  0.995,                0.86974,                0.50902,                0.26353,                 0.8323,             0.00088034,             0.00088034,             0.00088034
                    145,                0.50674,                 0.2866,                0.84468,                0.99949,                      1,                  0.995,                0.87704,                0.50559,                0.24822,                0.83161,             0.00087484,             0.00087484,             0.00087484
                    146,                0.50411,                0.29188,                0.84235,                 0.9996,                      1,                  0.995,                0.87449,                 0.5098,                 0.2487,                0.82922,             0.00086934,             0.00086934,             0.00086934
                    147,                0.49648,                0.28372,                0.84236,                 0.9995,                      1,                  0.995,                0.86861,                0.54126,                0.25917,                0.83619,             0.00086384,             0.00086384,             0.00086384
                    148,                0.49554,                0.29267,                0.84107,                0.99944,                      1,                  0.995,                 0.8827,                0.48594,                0.24014,                0.82396,             0.00085834,             0.00085834,             0.00085834
                    149,                0.51177,                0.29461,                0.84489,                0.99943,                      1,                  0.995,                 0.8759,                0.51152,                0.24835,                0.83198,             0.00085284,             0.00085284,             0.00085284
                    150,                0.49555,                0.28701,                0.83273,                0.99951,                      1,                  0.995,                 0.8752,                0.53222,                0.25401,                0.83306,             0.00084734,             0.00084734,             0.00084734
                    151,                0.49736,                0.28769,                0.84332,                0.99944,                      1,                  0.995,                0.87992,                0.50301,                0.24716,                 0.8286,             0.00084184,             0.00084184,             0.00084184
                    152,                0.48983,                0.28784,                0.83701,                0.99955,                      1,                  0.995,                0.88486,                0.48009,                 0.2589,                0.82173,             0.00083633,             0.00083633,             0.00083633
                    153,                 0.4897,                0.28754,                0.85057,                0.99952,                      1,                  0.995,                0.87786,                0.48131,                0.24795,                0.82199,             0.00083083,             0.00083083,             0.00083083
                    154,                0.49585,                0.28469,                0.83774,                0.99942,                      1,                  0.995,                0.87198,                 0.5149,                0.24251,                0.83167,             0.00082533,             0.00082533,             0.00082533
                    155,                0.49974,                0.27996,                0.84035,                0.99959,                      1,                  0.995,                0.87187,                0.50678,                0.25526,                0.83064,             0.00081983,             0.00081983,             0.00081983
                    156,                0.49263,                0.28093,                0.84109,                0.99951,                      1,                  0.995,                0.88085,                0.50373,                0.23528,                0.83143,             0.00081433,             0.00081433,             0.00081433
                    157,                0.48897,                0.28132,                0.84307,                0.99944,                      1,                  0.995,                0.88424,                0.49154,                0.22992,                0.83249,             0.00080883,             0.00080883,             0.00080883
                    158,                0.49375,                0.27949,                0.85045,                0.99946,                      1,                  0.995,                0.88171,                0.49223,                0.23732,                0.82735,             0.00080333,             0.00080333,             0.00080333
                    159,                0.50087,                0.28258,                0.84598,                0.99953,                      1,                  0.995,                0.88531,                0.49511,                0.25439,                0.82696,             0.00079783,             0.00079783,             0.00079783
                    160,                0.49031,                0.29045,                0.83355,                0.99947,                      1,                  0.995,                0.88479,                0.50134,                0.25783,                0.83003,             0.00079233,             0.00079233,             0.00079233
                    161,                0.50021,                0.29138,                0.83905,                0.99952,                      1,                  0.995,                0.88344,                0.49578,                0.25117,                0.82922,             0.00078682,             0.00078682,             0.00078682
                    162,                0.49793,                0.28835,                0.84458,                0.99932,                      1,                  0.995,                0.88726,                0.48688,                0.24308,                0.82655,             0.00078132,             0.00078132,             0.00078132
                    163,                0.49045,                0.27833,                 0.8294,                0.99943,                      1,                  0.995,                 0.8842,                0.49693,                0.24672,                0.82487,             0.00077582,             0.00077582,             0.00077582
                    164,                0.50431,                0.28361,                0.84495,                0.99952,                      1,                  0.995,                0.88132,                  0.485,                0.24315,                0.81934,             0.00077032,             0.00077032,             0.00077032
                    165,                 0.4872,                 0.2783,                0.83949,                0.99954,                      1,                  0.995,                0.88308,                0.47966,                 0.2281,                0.82454,             0.00076482,             0.00076482,             0.00076482
                    166,                 0.5101,                0.29625,                 0.8359,                0.99953,                      1,                  0.995,                0.88193,                0.48295,                0.24197,                0.82518,             0.00075932,             0.00075932,             0.00075932
                    167,                0.50391,                0.28579,                0.83605,                0.99945,                      1,                  0.995,                0.88276,                0.48924,                0.24944,                0.82709,             0.00075382,             0.00075382,             0.00075382
                    168,                 0.5084,                0.28258,                0.84314,                0.99954,                      1,                  0.995,                0.86964,                0.51138,                0.25588,                0.82768,             0.00074832,             0.00074832,             0.00074832
                    169,                0.51974,                0.28248,                0.84705,                0.99947,                      1,                  0.995,                0.87864,                0.47716,                0.24707,                 0.8222,             0.00074282,             0.00074282,             0.00074282
                    170,                0.49422,                0.28006,                0.83221,                0.99951,                      1,                  0.995,                0.87248,                0.49937,                0.23226,                0.83124,             0.00073731,             0.00073731,             0.00073731
                    171,                0.50283,                0.28787,                0.83598,                0.99961,                      1,                  0.995,                 0.8727,                0.51579,                0.24467,                0.83541,             0.00073181,             0.00073181,             0.00073181
                    172,                0.49972,                0.28103,                0.83838,                0.99944,                      1,                  0.995,                0.87309,                0.50451,                 0.2395,                0.83074,             0.00072631,             0.00072631,             0.00072631
                    173,                0.48294,                0.27603,                0.83216,                0.99955,                      1,                  0.995,                0.87932,                0.50038,                0.24278,                0.82746,             0.00072081,             0.00072081,             0.00072081
                    174,                0.48749,                0.27307,                0.83835,                0.99952,                      1,                  0.995,                0.87754,                0.51643,                0.24802,                0.83044,             0.00071531,             0.00071531,             0.00071531
                    175,                0.50303,                 0.2822,                0.83907,                 0.9994,                      1,                  0.995,                0.87383,                0.49332,                 0.2423,                0.82936,             0.00070981,             0.00070981,             0.00070981
                    176,                0.47871,                0.27272,                0.82285,                0.99957,                      1,                  0.995,                0.87833,                0.49643,                 0.2356,                0.83103,             0.00070431,             0.00070431,             0.00070431
                    177,                0.48231,                0.27457,                0.82899,                0.99944,                      1,                  0.995,                0.87131,                0.51591,                0.24351,                0.83242,             0.00069881,             0.00069881,             0.00069881
                    178,                0.50163,                0.28253,                0.83151,                0.99954,                      1,                  0.995,                0.87887,                0.50852,                0.24873,                0.82966,             0.00069331,             0.00069331,             0.00069331
                    179,                0.49212,                0.28359,                0.84569,                0.99956,                      1,                  0.995,                 0.8807,                0.49991,                0.24364,                0.82729,              0.0006878,              0.0006878,              0.0006878
                    180,                0.47376,                 0.2752,                0.83248,                0.99952,                      1,                  0.995,                 0.8754,                0.51343,                0.24193,                0.83571,              0.0006823,              0.0006823,              0.0006823
                    181,                0.47347,                0.27217,                0.84033,                0.99956,                      1,                  0.995,                0.88611,                0.49785,                0.23975,                0.82762,              0.0006768,              0.0006768,              0.0006768
                    182,                0.48198,                0.27807,                0.83073,                0.99946,                      1,                  0.995,                0.87113,                0.53439,                0.24895,                0.83099,              0.0006713,              0.0006713,              0.0006713
                    183,                0.48589,                0.27255,                0.83498,                0.99944,                      1,                  0.995,                0.88068,                0.49898,                 0.2371,                0.82642,              0.0006658,              0.0006658,              0.0006658
                    184,                0.48743,                0.27667,                 0.8366,                0.99965,                      1,                  0.995,                 0.8768,                0.50008,                0.23895,                0.83265,              0.0006603,              0.0006603,              0.0006603
                    185,                0.46651,                0.26352,                0.82775,                0.99958,                      1,                  0.995,                0.87054,                0.54588,                0.24603,                0.84324,              0.0006548,              0.0006548,              0.0006548
                    186,                0.47904,                0.27027,                0.83502,                0.99942,                      1,                  0.995,                0.88374,                0.49083,                0.23754,                0.82922,              0.0006493,              0.0006493,              0.0006493
                    187,                0.47763,                0.27046,                0.83644,                0.99966,                      1,                  0.995,                 0.8808,                0.49311,                0.24191,                0.82914,              0.0006438,              0.0006438,              0.0006438
                    188,                0.48135,                0.27109,                0.84376,                0.99949,                      1,                  0.995,                0.87606,                0.51065,                0.24308,                0.83254,             0.00063829,             0.00063829,             0.00063829
                    189,                0.46697,                0.26516,                0.83497,                 0.9995,                      1,                  0.995,                0.87859,                0.50562,                0.24031,                0.83416,             0.00063279,             0.00063279,             0.00063279
                    190,                0.47815,                0.26583,                0.84197,                0.99945,                      1,                  0.995,                0.88135,                 0.4898,                0.24246,                0.82893,             0.00062729,             0.00062729,             0.00062729
                    191,                 0.4784,                0.26813,                0.84428,                0.99944,                      1,                  0.995,                0.88114,                0.47941,                0.23935,                0.82421,             0.00062179,             0.00062179,             0.00062179
                    192,                 0.4756,                 0.2703,                0.83789,                0.99951,                      1,                  0.995,                0.87851,                0.48007,                0.24232,                0.82192,             0.00061629,             0.00061629,             0.00061629
                    193,                0.47273,                0.26486,                0.83246,                0.99945,                      1,                  0.995,                0.87818,                 0.4947,                0.23625,                0.82902,             0.00061079,             0.00061079,             0.00061079
                    194,                0.47366,                0.27117,                0.83573,                0.99948,                      1,                  0.995,                 0.8736,                 0.5246,                 0.2393,                0.83496,             0.00060529,             0.00060529,             0.00060529
                    195,                0.46083,                0.26383,                 0.8268,                0.99941,                      1,                  0.995,                0.88321,                0.50056,                0.23634,                0.82959,             0.00059979,             0.00059979,             0.00059979
                    196,                0.48019,                0.26291,                0.83434,                0.99957,                      1,                  0.995,                0.87923,                0.51252,                0.23702,                0.83257,             0.00059429,             0.00059429,             0.00059429
                    197,                0.47584,                 0.2696,                0.83918,                0.99954,                      1,                  0.995,                0.88223,                0.49181,                0.23647,                0.82624,             0.00058878,             0.00058878,             0.00058878
                    198,                0.46289,                0.27068,                 0.8331,                0.99957,                      1,                  0.995,                0.87957,                0.49039,                0.23169,                0.82739,             0.00058328,             0.00058328,             0.00058328
                    199,                0.46251,                0.26454,                0.82795,                0.99957,                      1,                  0.995,                0.87923,                0.51443,                 0.2296,                0.83095,             0.00057778,             0.00057778,             0.00057778
                    200,                0.46592,                 0.2632,                0.82573,                0.99947,                      1,                  0.995,                0.88371,                0.48684,                 0.2192,                0.82636,             0.00057228,             0.00057228,             0.00057228
                    201,                0.46421,                0.26642,                0.84082,                 0.9995,                      1,                  0.995,                0.87471,                0.50425,                0.22534,                0.83175,             0.00056678,             0.00056678,             0.00056678
                    202,                0.46298,                0.26205,                0.83232,                0.99953,                      1,                  0.995,                0.87854,                0.48048,                0.22412,                0.82507,             0.00056128,             0.00056128,             0.00056128
                    203,                0.46797,                0.26524,                0.82013,                0.99956,                      1,                  0.995,                0.87807,                0.48349,                0.22951,                 0.8251,             0.00055578,             0.00055578,             0.00055578
                    204,                0.46557,                0.26431,                  0.832,                 0.9996,                      1,                  0.995,                 0.8809,                0.48658,                 0.2237,                0.82531,             0.00055028,             0.00055028,             0.00055028
                    205,                0.46837,                0.26375,                0.83249,                0.99953,                      1,                  0.995,                0.87841,                0.48092,                 0.2291,                 0.8231,             0.00054478,             0.00054478,             0.00054478
                    206,                0.46828,                0.26043,                0.83535,                0.99956,                      1,                  0.995,                 0.8807,                0.49171,                0.22171,                0.82762,             0.00053927,             0.00053927,             0.00053927
                    207,                0.45939,                0.25753,                0.82695,                0.99949,                      1,                  0.995,                0.88442,                0.48468,                0.22258,                0.82456,             0.00053377,             0.00053377,             0.00053377
                    208,                0.45084,                0.25924,                0.83229,                0.99948,                      1,                  0.995,                0.88214,                 0.4912,                0.22856,                0.82931,             0.00052827,             0.00052827,             0.00052827
                    209,                0.46938,                0.26092,                0.83383,                0.99951,                      1,                  0.995,                0.88688,                0.49037,                0.23157,                0.82609,             0.00052277,             0.00052277,             0.00052277
                    210,                0.47154,                0.26439,                0.83469,                0.99957,                      1,                  0.995,                0.87544,                0.49353,                0.23027,                0.82579,             0.00051727,             0.00051727,             0.00051727
                    211,                0.45353,                0.25641,                0.82485,                0.99951,                      1,                  0.995,                0.87419,                0.50297,                0.22533,                0.83172,             0.00051177,             0.00051177,             0.00051177
                    212,                0.45194,                0.26209,                0.82807,                0.99948,                      1,                  0.995,                0.88186,                0.48546,                0.22233,                0.82689,             0.00050627,             0.00050627,             0.00050627
                    213,                0.45369,                0.26443,                0.83116,                0.99951,                      1,                  0.995,                0.88424,                 0.4821,                0.22307,                0.82517,             0.00050077,             0.00050077,             0.00050077
                    214,                0.44447,                0.25948,                0.83219,                0.99952,                      1,                  0.995,                0.88422,                0.49134,                0.22799,                0.82798,             0.00049527,             0.00049527,             0.00049527
                    215,                0.45734,                 0.2567,                0.83471,                0.99951,                      1,                  0.995,                0.88294,                0.47999,                 0.2237,                0.82713,             0.00048976,             0.00048976,             0.00048976
                    216,                0.44181,                0.25628,                0.82937,                0.99959,                      1,                  0.995,                0.88497,                0.47828,                0.23344,                0.82645,             0.00048426,             0.00048426,             0.00048426
                    217,                0.44814,                0.25359,                0.83828,                0.99961,                      1,                  0.995,                0.88806,                0.47553,                0.22303,                0.82492,             0.00047876,             0.00047876,             0.00047876
                    218,                0.46568,                0.26068,                0.84251,                0.99952,                      1,                  0.995,                0.88563,                0.49883,                0.23211,                0.83161,             0.00047326,             0.00047326,             0.00047326
                    219,                0.46646,                0.26159,                0.83958,                0.99954,                      1,                  0.995,                0.88083,                0.50285,                0.22897,                0.83014,             0.00046776,             0.00046776,             0.00046776
                    220,                0.44411,                0.24706,                0.82912,                0.99954,                      1,                  0.995,                 0.8866,                0.48863,                0.23352,                0.82501,             0.00046226,             0.00046226,             0.00046226
                    221,                0.45189,                0.25269,                0.83016,                0.99953,                      1,                  0.995,                  0.881,                0.49429,                0.23016,                0.83202,             0.00045676,             0.00045676,             0.00045676
                    222,                 0.4666,                0.26104,                0.82331,                0.99951,                      1,                  0.995,                0.88329,                0.48599,                0.22898,                0.83051,             0.00045126,             0.00045126,             0.00045126
                    223,                0.45016,                0.25871,                0.83785,                0.99955,                      1,                  0.995,                0.88427,                0.46953,                0.23153,                0.82553,             0.00044576,             0.00044576,             0.00044576
                    224,                0.46118,                0.25566,                0.81763,                0.99957,                      1,                  0.995,                 0.8806,                0.48747,                0.23236,                0.82784,             0.00044025,             0.00044025,             0.00044025
                    225,                0.44944,                 0.2524,                0.82512,                0.99957,                      1,                  0.995,                0.88591,                0.47219,                0.22434,                0.82298,             0.00043475,             0.00043475,             0.00043475
                    226,                0.45253,                0.25666,                0.83332,                0.99953,                      1,                  0.995,                0.88155,                0.48496,                0.23588,                0.82689,             0.00042925,             0.00042925,             0.00042925
                    227,                0.45741,                0.25347,                0.83321,                0.99943,                      1,                  0.995,                0.88552,                0.48288,                0.22486,                0.82853,             0.00042375,             0.00042375,             0.00042375
                    228,                0.43559,                0.24229,                0.82186,                 0.9995,                      1,                  0.995,                 0.8874,                0.47283,                 0.2159,                0.82398,             0.00041825,             0.00041825,             0.00041825
                    229,                0.44119,                0.25905,                0.82609,                0.99955,                      1,                  0.995,                0.88442,                0.46218,                0.21552,                0.82343,             0.00041275,             0.00041275,             0.00041275
                    230,                0.43857,                0.24942,                0.82438,                0.99959,                      1,                  0.995,                 0.8871,                0.46325,                0.22734,                0.81906,             0.00040725,             0.00040725,             0.00040725
                    231,                0.44963,                0.25439,                0.82317,                0.99959,                      1,                  0.995,                0.88464,                0.47811,                0.22446,                0.82449,             0.00040175,             0.00040175,             0.00040175
                    232,                0.45162,                 0.2524,                0.83275,                0.99953,                      1,                  0.995,                0.88488,                0.48927,                0.22252,                0.82986,             0.00039625,             0.00039625,             0.00039625
                    233,                0.45913,                0.25209,                0.82956,                0.99948,                      1,                  0.995,                0.87833,                0.49405,                0.22074,                0.83097,             0.00039074,             0.00039074,             0.00039074
                    234,                0.44428,                0.24912,                0.83081,                0.99948,                      1,                  0.995,                0.87723,                0.49186,                0.22157,                0.83242,             0.00038524,             0.00038524,             0.00038524
                    235,                0.43779,                0.24349,                0.82269,                0.99951,                      1,                  0.995,                0.88029,                0.49364,                0.22079,                0.83182,             0.00037974,             0.00037974,             0.00037974
                    236,                0.45345,                0.25807,                0.83637,                0.99955,                      1,                  0.995,                0.88794,                0.48096,                0.22637,                0.82501,             0.00037424,             0.00037424,             0.00037424
                    237,                0.43763,                0.24244,                0.82824,                0.99952,                      1,                  0.995,                 0.8854,                0.50036,                0.22996,                0.82934,             0.00036874,             0.00036874,             0.00036874
                    238,                0.46618,                0.25598,                0.83717,                0.99951,                      1,                  0.995,                0.89147,                0.47542,                0.22483,                0.82218,             0.00036324,             0.00036324,             0.00036324
                    239,                0.45328,                0.24955,                0.81617,                0.99953,                      1,                  0.995,                0.89097,                0.47459,                0.22562,                0.82108,             0.00035774,             0.00035774,             0.00035774
                    240,                0.44743,                0.25111,                0.83603,                0.99953,                      1,                  0.995,                0.88474,                 0.4795,                0.22256,                0.82544,             0.00035224,             0.00035224,             0.00035224
                    241,                0.44747,                0.24888,                 0.8341,                 0.9995,                      1,                  0.995,                0.88401,                0.47801,                0.22007,                  0.825,             0.00034674,             0.00034674,             0.00034674
                    242,                0.44822,                0.24283,                0.82993,                0.99946,                      1,                  0.995,                0.88306,                0.49273,                0.22513,                0.83016,             0.00034123,             0.00034123,             0.00034123
                    243,                0.43315,                0.24217,                0.82098,                0.99951,                      1,                  0.995,                0.88129,                0.49801,                0.22353,                0.83141,             0.00033573,             0.00033573,             0.00033573
                    244,                0.43852,                0.24313,                0.82223,                 0.9996,                      1,                  0.995,                0.88369,                0.49772,                0.22028,                0.83308,             0.00033023,             0.00033023,             0.00033023
                    245,                0.45384,                0.24688,                 0.8327,                0.99957,                      1,                  0.995,                0.88508,                0.49229,                0.22548,                0.82902,             0.00032473,             0.00032473,             0.00032473
                    246,                0.44095,                0.24737,                0.81968,                0.99951,                      1,                  0.995,                0.88788,                 0.4756,                0.22164,                0.82327,             0.00031923,             0.00031923,             0.00031923
                    247,                0.45954,                0.24859,                0.82721,                0.99955,                      1,                  0.995,                0.88745,                0.47706,                0.22274,                0.82463,             0.00031373,             0.00031373,             0.00031373
                    248,                0.43358,                0.24029,                0.82687,                0.99953,                      1,                  0.995,                0.88703,                0.49197,                 0.2195,                0.82733,             0.00030823,             0.00030823,             0.00030823
                    249,                0.45285,                  0.248,                0.83652,                0.99953,                      1,                  0.995,                0.88893,                0.47744,                 0.2164,                0.82292,             0.00030273,             0.00030273,             0.00030273
                    250,                0.44911,                0.24164,                0.83255,                0.99959,                      1,                  0.995,                0.88824,                0.48086,                0.21636,                0.82425,             0.00029723,             0.00029723,             0.00029723
                    251,                0.43645,                0.23897,                0.82212,                0.99963,                      1,                  0.995,                0.88548,                0.48127,                0.22066,                0.82832,             0.00029172,             0.00029172,             0.00029172
                    252,                 0.4399,                0.24297,                 0.8313,                0.99962,                      1,                  0.995,                0.88112,                 0.5113,                0.23158,                0.83888,             0.00028622,             0.00028622,             0.00028622
                    253,                0.43995,                0.24713,                 0.8244,                0.99961,                      1,                  0.995,                0.88612,                0.48417,                0.22236,                0.82977,             0.00028072,             0.00028072,             0.00028072
                    254,                0.44419,                0.24494,                0.83285,                0.99959,                      1,                  0.995,                0.88371,                0.48678,                0.22651,                 0.8244,             0.00027522,             0.00027522,             0.00027522
                    255,                0.43861,                0.24251,                0.82967,                0.99958,                      1,                  0.995,                0.89023,                 0.4831,                0.22855,                0.82465,             0.00026972,             0.00026972,             0.00026972
                    256,                0.43503,                0.24338,                0.82245,                0.99958,                      1,                  0.995,                   0.89,                0.47362,                0.21846,                0.82029,             0.00026422,             0.00026422,             0.00026422
                    257,                0.43141,                0.24299,                0.82128,                0.99959,                      1,                  0.995,                0.88744,                0.47915,                0.22727,                0.82432,             0.00025872,             0.00025872,             0.00025872
                    258,                0.44222,                 0.2413,                 0.8251,                0.99957,                      1,                  0.995,                0.88781,                0.47959,                0.21799,                0.82824,             0.00025322,             0.00025322,             0.00025322
                    259,                0.42747,                0.24255,                0.81671,                0.99956,                      1,                  0.995,                0.88853,                0.47849,                0.21503,                0.82561,             0.00024772,             0.00024772,             0.00024772
                    260,                0.42201,                0.23511,                0.83084,                0.99958,                      1,                  0.995,                0.89095,                0.48279,                  0.216,                0.82635,             0.00024222,             0.00024222,             0.00024222
                    261,                0.42637,                0.22724,                0.82085,                0.99955,                      1,                  0.995,                0.89201,                 0.4763,                0.21494,                0.82375,             0.00023671,             0.00023671,             0.00023671
                    262,                0.42918,                0.23656,                0.82775,                0.99954,                      1,                  0.995,                0.89329,                0.46009,                 0.2091,                0.82028,             0.00023121,             0.00023121,             0.00023121
                    263,                0.43924,                0.23844,                0.82321,                0.99959,                      1,                  0.995,                0.88784,                0.48111,                0.21809,                0.82581,             0.00022571,             0.00022571,             0.00022571
                    264,                0.41534,                0.22829,                0.82727,                0.99958,                      1,                  0.995,                0.88996,                0.48265,                0.21298,                0.82603,             0.00022021,             0.00022021,             0.00022021
                    265,                 0.4257,                0.23319,                0.81679,                0.99955,                      1,                  0.995,                0.88923,                0.48503,                0.20974,                0.82627,             0.00021471,             0.00021471,             0.00021471
                    266,                0.43584,                0.23762,                0.83002,                0.99952,                      1,                  0.995,                0.89101,                0.48025,                0.20922,                0.82768,             0.00020921,             0.00020921,             0.00020921
                    267,                0.42731,                0.23614,                0.82337,                0.99951,                      1,                  0.995,                0.88797,                 0.4832,                0.21058,                0.82898,             0.00020371,             0.00020371,             0.00020371
                    268,                0.42406,                0.23794,                0.81828,                0.99955,                      1,                  0.995,                0.89085,                0.48718,                0.21236,                0.82688,             0.00019821,             0.00019821,             0.00019821
                    269,                0.43358,                0.23781,                0.82685,                0.99957,                      1,                  0.995,                0.89013,                0.48448,                0.20815,                0.82731,             0.00019271,             0.00019271,             0.00019271
                    270,                0.43874,                0.23397,                0.83506,                0.99958,                      1,                  0.995,                0.88971,                 0.4894,                0.21561,                0.83001,              0.0001872,              0.0001872,              0.0001872
                    271,                0.42967,                0.23607,                0.82914,                0.99958,                      1,                  0.995,                0.88756,                0.48384,                0.21227,                0.82795,              0.0001817,              0.0001817,              0.0001817
                    272,                0.43788,                0.23587,                0.82285,                0.99958,                      1,                  0.995,                0.89146,                0.48425,                0.21294,                0.83016,              0.0001762,              0.0001762,              0.0001762
                    273,                 0.4111,                0.23123,                0.81454,                0.99958,                      1,                  0.995,                0.88831,                0.48504,                0.21912,                0.82935,              0.0001707,              0.0001707,              0.0001707
                    274,                0.41668,                0.23063,                0.81712,                0.99952,                      1,                  0.995,                 0.8872,                0.48458,                0.21755,                0.82905,              0.0001652,              0.0001652,              0.0001652
                    275,                0.41653,                0.23106,                0.82606,                 0.9995,                      1,                  0.995,                0.88606,                0.47245,                0.20975,                0.82613,              0.0001597,              0.0001597,              0.0001597
                    276,                0.42176,                0.22972,                0.82325,                0.99952,                      1,                  0.995,                0.88686,                0.47353,                0.21269,                0.82495,              0.0001542,              0.0001542,              0.0001542
                    277,                0.43037,                0.23332,                0.81811,                0.99953,                      1,                  0.995,                0.89284,                0.46206,                0.20691,                0.82197,              0.0001487,              0.0001487,              0.0001487
                    278,                 0.4222,                0.22743,                0.83022,                0.99958,                      1,                  0.995,                0.89512,                0.45987,                0.20827,                0.82201,              0.0001432,              0.0001432,              0.0001432
                    279,                0.42374,                 0.2313,                0.82672,                0.99958,                      1,                  0.995,                0.88887,                0.46849,                0.20643,                0.82465,             0.00013769,             0.00013769,             0.00013769
                    280,                0.42572,                0.23275,                0.82921,                0.99957,                      1,                  0.995,                0.88974,                0.48434,                0.20851,                0.82757,             0.00013219,             0.00013219,             0.00013219
                    281,                0.40638,                0.22522,                0.82655,                0.99959,                      1,                  0.995,                 0.8917,                0.47998,                0.20489,                  0.827,             0.00012669,             0.00012669,             0.00012669
                    282,                0.42667,                0.23161,                0.82382,                0.99963,                      1,                  0.995,                0.89238,                0.46784,                0.20615,                 0.8253,             0.00012119,             0.00012119,             0.00012119
                    283,                0.42847,                0.22785,                0.82457,                0.99964,                      1,                  0.995,                0.89012,                0.47132,                0.20708,                0.82674,             0.00011569,             0.00011569,             0.00011569
                    284,                0.40928,                0.22381,                0.81343,                0.99961,                      1,                  0.995,                0.88753,                 0.4823,                0.20394,                0.82733,             0.00011019,             0.00011019,             0.00011019
                    285,                0.44213,                0.23498,                0.83043,                 0.9996,                      1,                  0.995,                0.89344,                0.47808,                 0.2089,                0.82586,             0.00010469,             0.00010469,             0.00010469
                    286,                0.40764,                0.22403,                0.82795,                0.99959,                      1,                  0.995,                0.88992,                0.47657,                0.20891,                0.82449,             9.9187e-05,             9.9187e-05,             9.9187e-05
                    287,                0.42497,                 0.2322,                0.82166,                0.99959,                      1,                  0.995,                0.88778,                0.49067,                0.21183,                0.82882,             9.3685e-05,             9.3685e-05,             9.3685e-05
                    288,                0.40894,                 0.2256,                0.81736,                0.99959,                      1,                  0.995,                0.88905,                0.48868,                0.20982,                0.83015,             8.8184e-05,             8.8184e-05,             8.8184e-05
                    289,                0.40785,                0.22558,                0.82048,                0.99959,                      1,                  0.995,                0.89068,                0.48391,                0.20967,                0.82814,             8.2683e-05,             8.2683e-05,             8.2683e-05
                    290,                0.41032,                0.22186,                0.82237,                0.99958,                      1,                  0.995,                0.89093,                 0.4841,                0.20727,                0.82619,             7.7182e-05,             7.7182e-05,             7.7182e-05
                    291,                0.42468,                0.21491,                0.80792,                0.99956,                      1,                  0.995,                 0.8909,                 0.4781,                 0.2047,                0.82719,             7.1681e-05,             7.1681e-05,             7.1681e-05
                    292,                0.41399,                0.20976,                0.82271,                0.99951,                      1,                  0.995,                0.89052,                0.47921,                0.20618,                0.82882,              6.618e-05,              6.618e-05,              6.618e-05
                    293,                0.43038,                0.21235,                0.82151,                 0.9995,                      1,                  0.995,                 0.8888,                0.47469,                0.20296,                0.82688,             6.0679e-05,             6.0679e-05,             6.0679e-05
                    294,                0.42901,                 0.2155,                0.81735,                0.99951,                      1,                  0.995,                0.88911,                0.47379,                0.20377,                0.82495,             5.5178e-05,             5.5178e-05,             5.5178e-05
                    295,                0.42066,                0.20982,                0.81261,                0.99956,                      1,                  0.995,                0.88892,                0.47616,                0.20285,                0.82595,             4.9677e-05,             4.9677e-05,             4.9677e-05
                    296,                0.41154,                0.20881,                0.81508,                0.99959,                      1,                  0.995,                0.88991,                0.47581,                0.20758,                0.82809,             4.4176e-05,             4.4176e-05,             4.4176e-05
                    297,                0.42161,                0.20897,                0.81868,                0.99961,                      1,                  0.995,                0.89058,                0.47545,                0.20778,                0.82815,             3.8674e-05,             3.8674e-05,             3.8674e-05
                    298,                0.42217,                0.20922,                0.81378,                0.99963,                      1,                  0.995,                0.89228,                0.46624,                0.20704,                 0.8258,             3.3173e-05,             3.3173e-05,             3.3173e-05
                    299,                0.41836,                0.20992,                0.81482,                0.99962,                      1,                  0.995,                0.89308,                0.46628,                0.20581,                0.82569,             2.7672e-05,             2.7672e-05,             2.7672e-05
                    300,                0.41619,                0.20727,                0.80773,                0.99961,                      1,                  0.995,                0.88919,                0.46966,                0.20197,                0.82601,             2.2171e-05,             2.2171e-05,             2.2171e-05
